minute,requests
2024-03-22 18:00:00,158
2024-03-22 18:01:00,423
2024-03-22 18:02:00,572
2024-03-22 18:03:00,833
2024-03-22 18:04:00,1215
2024-03-22 18:05:00,783
2024-03-22 18:06:00,290
2024-03-22 18:07:00,990
2024-03-22 18:08:00,805
2024-03-22 18:09:00,211
2024-03-22 18:10:00,662
2024-03-22 18:11:00,875
2024-03-22 18:12:00,625
2024-03-22 18:13:00,802
2024-03-22 18:14:00,617
2024-03-22 18:15:00,329
2024-03-22 18:16:00,866
2024-03-22 18:17:00,753
2024-03-22 18:18:00,339
2024-03-22 18:19:00,474
2024-03-22 18:20:00,921
2024-03-22 18:21:00,1119
2024-03-22 18:22:00,701
2024-03-22 18:23:00,769
2024-03-22 18:24:00,835
2024-03-22 18:25:00,646
2024-03-22 18:26:00,775
2024-03-22 18:27:00,457
2024-03-22 18:28:00,481
2024-03-22 18:29:00,545
2024-03-22 18:30:00,732
2024-03-22 18:31:00,1359
2024-03-22 18:32:00,1433
2024-03-22 18:33:00,1006
2024-03-22 18:34:00,1026
2024-03-22 18:35:00,8057
2024-03-22 18:36:00,7799
2024-03-22 18:37:00,1077
2024-03-22 18:38:00,8959
2024-03-22 18:39:00,8510
2024-03-22 18:40:00,245
2024-03-22 18:41:00,279
2024-03-22 18:42:00,439
2024-03-22 18:43:00,532
2024-03-22 18:44:00,704
2024-03-22 18:45:00,814
2024-03-22 18:46:00,1155
2024-03-22 18:47:00,1094
2024-03-22 18:48:00,514
2024-03-22 18:49:00,397
2024-03-22 18:50:00,385
2024-03-22 18:51:00,433
2024-03-22 18:52:00,651
2024-03-22 18:53:00,1041
2024-03-22 18:54:00,1386
2024-03-22 18:55:00,960
2024-03-22 18:56:00,759
2024-03-22 18:57:00,507
2024-03-22 18:58:00,700
2024-03-22 18:59:00,811
2024-03-22 19:00:00,290
